Park Name,2007,2008,2009,2010,2011,2012,2013,2014,2015,2016,2017,2018,2019,2020,2021,2022,2023,Average
Blue Ridge PKWY,"17,352,286","16,309,307","15,936,316","14,517,118","15,382,447","15,205,059","12,877,368","13,941,749","15,054,603","15,175,578","16,093,765","14,690,418","14,976,085","14,099,485","15,948,148","15,711,004","16,757,635","15,295,787"
Golden Gate NRA,"14,397,313","14,554,750","15,036,372","14,271,503","14,567,487","14,540,338","14,289,121","15,004,420","14,888,537","15,638,777","14,981,897","15,223,697","15,002,227","12,400,045","13,712,614","15,638,911","14,953,882","14,653,052"
Great Smoky Mountains NP,"9,372,253","9,044,010","9,491,437","9,463,538","9,008,830","9,685,829","9,354,695","10,099,276","10,712,674","11,312,786","11,338,893","11,421,200","12,547,743","12,095,720","14,161,548","12,937,633","13,297,647","10,902,689"
Gateway NRA,"8,813,204","9,431,021","9,010,522","8,820,757","7,697,727","5,043,863","6,191,246","6,021,713","6,392,565","8,651,770","9,190,610","9,243,305","9,405,622","8,404,728","9,060,807","8,728,291","8,705,329","8,165,475"
George Washington MEM PKWY,"6,837,139","7,009,630","6,938,309","6,925,099","7,417,397","7,425,577","7,360,392","7,472,150","7,286,463","10,323,339","7,562,793","7,288,623","7,487,265","6,237,361","6,821,179","7,397,120","7,391,260","7,363,594"
Lake Mead NRA,"7,622,139","7,601,863","7,668,689","7,080,758","6,396,682","6,285,439","6,344,714","6,942,873","7,298,465","7,175,891","7,882,339","7,578,958","7,499,049","8,016,510","7,603,474","5,578,226","5,798,541","7,080,859"
Lincoln Memorial,"4,214,167","4,678,861","5,255,570","6,042,315","5,971,220","6,191,361","6,546,518","7,139,072","7,941,771","7,915,934","7,956,117","7,804,683","7,808,182","2,980,075","5,792,331","7,825,397","8,099,148","6,480,160"
Natchez Trace PKWY,"5,777,666","5,747,235","5,934,363","5,910,950","5,765,343","5,560,668","6,012,740","5,846,474","5,785,812","5,891,315","6,326,062","6,362,439","6,296,041","6,124,808","6,401,346","6,543,533","6,784,853","6,063,038"
Grand Canyon NP,"4,413,668","4,425,314","4,348,068","4,388,386","4,298,178","4,421,352","4,564,840","4,756,771","5,520,736","5,969,811","6,254,238","6,380,495","5,974,411","2,897,098","4,532,677","4,732,101","4,733,705","4,859,521"
Gulf Islands NS,"2,034,294","2,054,201","4,132,674","4,283,747","5,501,872","4,973,462","4,837,965","4,455,240","3,976,883","4,771,309","3,952,941","4,229,968","5,600,240","4,012,129","5,458,816","5,685,155","8,277,857","4,602,280"
Chesapeake & Ohio Canal NHP,"2,809,968","3,111,468","3,751,681","4,111,238","3,937,504","4,712,377","4,941,367","5,066,219","4,798,312","4,813,078","4,859,573","4,438,818","5,116,787","4,888,436","5,005,217","4,286,185","4,470,592","4,418,754"
Vietnam Veterans MEM,"3,633,793","4,243,573","4,437,771","4,555,371","4,020,127","4,424,407","4,142,721","4,403,467","5,597,077","5,299,713","5,072,589","4,719,148","4,580,587","1,585,525","3,636,033","4,886,254","5,039,454","4,369,271"
Delaware Water Gap NRA,"4,836,229","5,127,074","5,213,030","5,285,761","4,986,700","4,970,802","4,843,350","4,041,672","3,735,134","3,677,744","3,400,944","3,261,921","3,374,865","4,068,529","4,340,902","4,380,225","4,207,541","4,338,378"
Cape Cod NS,"4,351,609","4,644,235","4,311,949","4,653,706","4,454,771","4,441,290","4,501,898","4,426,750","4,503,220","4,692,796","4,125,418","3,926,462","4,096,104","4,083,505","4,017,239","3,968,672","3,808,404","4,294,590"
World War II Memorial,"4,079,606","4,153,749","4,118,528","3,964,351","3,752,172","4,161,685","3,934,166","4,230,793","5,068,224","4,856,532","4,876,842","4,652,865","4,831,327","1,924,128","3,727,167","4,815,309","5,119,541","4,250,999"
Yosemite NP,"3,503,428","3,431,514","3,737,472","3,901,408","3,951,393","3,853,404","3,691,191","3,882,642","4,150,217","5,028,868","4,336,890","4,009,436","4,422,861","2,268,313","3,287,595","3,667,550","3,897,070","3,824,780"
San Francisco Maritime NHP,"4,042,022","4,086,211","4,152,497","4,130,970","4,224,897","4,129,983","4,154,455","4,256,888","4,173,014","4,334,752","4,493,519","4,223,542","4,016,598","1,936,101","2,827,885","3,034,750","1,769,467","3,763,974"
Yellowstone NP,"3,151,343","3,066,580","3,295,187","3,640,185","3,394,326","3,447,729","3,188,030","3,513,484","4,097,710","4,257,177","4,116,524","4,115,000","4,020,288","3,806,306","4,860,242","3,290,242","4,501,382","3,750,690"
Rocky Mountain NP,"2,895,383","2,757,390","2,822,325","2,955,821","3,176,941","3,229,617","2,991,141","3,434,751","4,155,916","4,517,585","4,437,215","4,590,493","4,670,053","3,305,199","4,434,848","4,300,424","4,115,837","3,693,585"
Castle Clinton NM,"3,509,468","3,727,030","4,080,152","4,126,378","3,985,366","3,264,439","2,180,694","4,727,110","4,597,029","4,812,930","4,737,113","4,533,564","4,361,034","633,793","1,665,660","3,471,661","3,929,749","3,667,245"
Zion NP,"2,657,281","2,690,154","2,735,402","2,665,972","2,825,505","2,973,607","2,807,387","3,189,696","3,648,846","4,295,127","4,504,812","4,320,033","4,488,268","3,591,254","5,039,835","4,692,417","4,623,238","3,632,284"
Independence NHP,"3,705,538","4,076,638","3,967,694","3,751,007","3,572,770","3,594,549","3,553,070","3,648,050","4,311,582","5,067,510","4,790,758","4,576,456","4,532,459","907,090","1,495,686","2,688,302","3,042,598","3,604,809"
Korean War Veterans Memorial,"3,433,663","3,654,976","3,117,046","3,072,716","3,073,430","3,267,124","3,209,279","3,767,287","4,077,835","4,084,298","4,155,947","4,107,520","3,841,633","1,363,714","2,986,751","4,010,009","4,132,456","3,491,511"
Statue of Liberty NM,"3,380,296","3,555,244","3,829,483","3,833,288","3,749,982","3,029,443","1,883,544","4,198,815","4,279,020","4,501,547","4,441,988","4,335,431","4,240,461","576,396","1,556,482","3,141,213","3,739,607","3,427,779"
Colonial NHP,"3,343,910","3,332,039","3,324,751","3,459,965","3,414,577","3,274,187","3,168,731","3,335,060","3,343,909","3,352,656","3,333,448","3,294,224","3,327,268","2,946,594","3,114,420","2,762,273","2,691,931","3,224,703"
Chattahoochee River NRA,"2,836,077","2,826,171","2,830,655","3,011,393","3,161,297","3,168,137","3,039,892","3,119,160","3,173,204","2,736,385","2,768,499","2,873,866","3,393,133","3,066,877","3,256,151","3,537,848","3,183,081","3,057,754"
"Martin Luther King, Jr. Memorial",,,,,"1,490,358","3,738,336","3,205,654","3,199,136","3,530,401","3,638,208","3,651,093","3,567,434","3,667,562","1,083,671","2,032,470","3,321,897","3,341,654","3,035,990"
Olympic NP,"2,988,686","3,081,451","3,276,459","2,844,563","2,966,502","2,824,908","3,085,340","3,243,872","3,263,761","3,390,221","3,401,996","3,104,455","3,245,806","2,499,177","2,718,925","2,432,972","2,947,503","3,018,623"
Grand Teton NP,"2,588,574","2,485,987","2,580,081","2,669,374","2,587,437","2,705,256","2,688,794","2,791,392","3,149,921","3,270,076","3,317,000","3,491,151","3,405,614","3,289,638","3,885,230","2,806,223","3,417,106","3,007,580"
Acadia NP,"2,202,228","2,075,857","2,227,698","2,504,208","2,374,645","2,431,052","2,254,922","2,563,129","2,811,184","3,303,393","3,509,271","3,537,575","3,437,286","2,669,034","4,069,098","3,970,260","3,879,890","2,930,631"
Glen Canyon NRA,"1,894,114","1,947,507","1,960,345","2,124,467","2,270,817","2,061,328","1,991,924","2,368,452","2,495,093","3,239,525","4,574,940","4,219,441","4,330,563","2,553,392","3,144,318","2,842,776","5,206,934","2,895,643"
Franklin Delano Roosevelt MEM,"2,751,725","2,622,806","2,591,241","2,238,052","2,309,708","2,764,459","2,837,729","2,938,239","3,290,080","4,360,502","3,507,402","3,288,299","3,303,573","1,010,986","2,022,050","3,291,313","3,298,788","2,848,644"
Thomas Jefferson MEM,"2,327,254","2,363,263","2,337,868","2,305,856","1,945,696","2,613,131","2,609,463","2,708,607","3,102,442","3,414,345","3,366,571","3,198,859","3,096,895","852,626","1,833,924","2,975,148","2,984,919","2,590,404"
Glacier NP,"2,083,329","1,808,027","2,031,348","2,200,048","1,853,564","2,162,035","2,190,374","2,338,528","2,366,056","2,946,681","3,305,512","2,965,309","3,049,839","1,698,864","3,081,656","2,908,458","2,933,616","2,466,073"
Cuyahoga Valley NP,"2,486,656","2,828,233","2,589,288","2,492,670","2,161,185","2,299,722","2,103,010","2,189,849","2,284,612","2,423,390","2,226,879","2,096,053","2,237,997","2,755,628","2,575,275","2,913,312","2,860,059","2,442,578"
Cape Hatteras NS,"2,237,378","2,146,392","2,282,543","2,193,292","1,960,711","2,302,040","2,214,565","2,153,350","2,274,635","2,411,711","2,433,703","2,591,056","2,606,632","2,648,522","3,206,056","2,862,844","2,826,169","2,432,447"
Point Reyes NS,"2,206,294","2,248,203","2,170,646","2,067,271","2,129,116","2,412,663","2,641,808","2,433,944","2,501,106","2,438,442","2,456,669","2,397,722","2,265,301","2,252,424","2,738,098","2,336,202","2,268,058","2,350,822"
Boston NHP,"2,184,889","2,232,495","2,155,026","2,060,497","2,546,156","2,629,064","2,245,875","2,476,078","2,262,841","2,594,495","3,425,606","3,053,241","3,201,834","277,170","1,098,210","2,123,246","2,517,296","2,299,060"
Assateague Island NS,"2,110,918","2,011,438","2,129,658","2,106,090","2,105,419","2,154,859","2,056,828","2,170,681","2,275,606","2,267,821","2,347,167","2,136,889","2,344,536","2,481,660","2,662,716","2,340,269","2,351,874","2,238,496"
Mount Rushmore NMEM,"1,856,118","1,789,328","2,260,192","2,331,237","2,081,722","2,185,447","2,162,998","2,144,808","2,434,297","2,431,231","2,437,800","2,311,273","1,963,540","2,074,986","2,525,868","2,440,449","2,431,195","2,227,205"
Joshua Tree NP,"1,298,979","1,392,446","1,304,471","1,434,976","1,396,237","1,396,117","1,383,340","1,589,904","2,025,756","2,505,286","2,853,619","2,942,382","2,988,547","2,399,542","3,064,400","3,058,294","3,270,404","2,135,571"
Rock Creek Park,"2,061,366","2,076,466","2,076,500","1,883,457","2,050,490","2,003,385","1,968,995","2,437,948","2,443,772","2,478,735","2,483,788","2,395,342","2,416,232","1,768,152","1,838,346","2,026,156","1,817,868","2,131,000"
Indiana Dunes NP,"1,972,344","1,833,596","1,944,568","2,150,345","1,840,513","1,889,381","1,681,695","1,553,372","1,640,195","1,698,223","2,158,471","1,756,079","2,134,285","2,293,106","3,177,210","2,834,180","2,765,892","2,077,850"
Kennesaw Mountain NBP,"1,329,441","1,415,917","1,372,228","1,512,191","1,748,436","1,935,909","1,924,076","2,119,013","2,174,870","2,360,256","2,593,725","2,549,164","2,621,050","2,356,401","1,800,823","1,322,003","1,499,217","1,919,689"
Gateway Arch NP,"2,385,387","1,954,810","2,360,109","2,436,110","2,259,020","2,496,726","2,377,258","1,817,091","1,698,656","1,271,855","1,398,188","2,016,180","2,055,309","486,021","1,145,081","1,618,774","2,422,836","1,894,083"
Bryce Canyon NP,"1,012,563","1,043,321","1,216,377","1,285,492","1,296,000","1,385,352","1,311,875","1,435,741","1,745,804","2,365,110","2,571,684","2,679,478","2,594,904","1,464,655","2,104,600","2,354,660","2,461,269","1,784,052"
Valley Forge NHP,"1,298,161","1,275,871","1,449,228","1,617,511","1,303,046","1,442,750","1,962,889","1,990,881","2,143,965","2,428,724","2,159,592","1,881,362","2,259,944","2,012,832","1,502,209","1,645,298","1,880,527","1,779,694"
National Capital Parks Central,"2,513,639","2,559,653","3,678,876","1,363,389","1,240,717","858,700","1,712,858","1,999,232","1,833,085","1,813,222","1,932,762","1,800,329","1,770,794","665,650","659,317","920,643","1,057,835","1,669,453"
Hot Springs NP,"1,300,152","1,238,147","1,284,707","1,311,807","1,396,354","1,302,505","1,325,719","1,424,484","1,418,162","1,544,300","1,561,616","1,506,887","1,467,153","1,348,215","2,162,884","2,646,133","2,502,967","1,573,070"
Pearl Harbor NMEM,"1,557,336","1,407,879","1,276,868","1,372,724","1,694,896","1,751,224","1,786,024","1,620,814","1,574,156","1,819,020","1,947,495","1,779,143","1,716,535","415,542","1,185,369","1,545,582","1,692,719","1,537,843"
Sleeping Bear Dunes NL,"1,134,314","1,008,135","1,165,836","1,280,932","1,348,304","1,531,560","1,340,007","1,395,401","1,535,633","1,683,553","1,678,126","1,643,600","1,570,001","1,718,696","1,722,955","1,501,117","1,598,248","1,462,142"
Hawaii Volcanoes NP,"1,467,779","1,270,538","1,233,105","1,304,667","1,352,123","1,483,928","1,583,209","1,693,005","1,832,660","1,887,580","2,016,702","1,116,891","1,368,376","589,775","1,262,747","1,580,961","1,620,294","1,450,844"
Canaveral NS,"1,038,449","994,453","1,001,665","966,099","1,005,001","994,430","1,133,688","1,451,225","1,689,754","1,629,944","1,598,586","1,657,855","1,884,122","1,162,950","2,218,059","2,122,075","2,019,073","1,445,143"
Chickasaw NRA,"1,368,806","1,230,609","1,238,484","1,253,637","1,212,139","1,487,039","1,099,669","1,152,083","1,254,105","1,676,421","1,533,684","1,477,906","1,422,612","1,348,122","1,517,102","1,455,530","2,082,326","1,400,604"
Fort Point NHS,"1,552,141","1,390,187","1,385,134","1,315,241","1,338,508","1,502,786","1,591,312","1,677,457","1,610,466","2,264,154","1,532,541","1,400,491","1,421,349","884,538","947,238","955,454","903,685","1,392,511"
Buffalo NR,"1,194,043","1,405,802","1,522,586","1,545,599","1,169,802","1,093,083","1,125,227","1,357,057","1,463,304","1,785,359","1,471,330","1,240,119","1,326,282","1,478,846","1,515,874","1,306,932","1,549,467","1,385,336"
Amistad NRA,"1,734,200","1,980,717","2,573,966","1,574,322","1,436,759","1,367,502","1,025,151","1,130,096","1,250,051","1,164,530","1,221,635","1,111,770","1,267,900","1,424,139","1,091,897","912,283","836,733","1,359,038"
Lake Roosevelt NRA,"1,450,438","1,337,024","1,382,663","1,324,074","1,523,474","1,781,972","1,254,409","1,180,898","1,170,843","1,253,571","1,304,403","1,276,722","1,358,818","1,519,403","1,336,629","1,128,725","1,140,360","1,336,731"
Shenandoah NP,"1,107,227","1,075,878","1,120,981","1,253,386","1,209,883","1,210,200","1,136,505","1,255,321","1,321,873","1,437,341","1,458,874","1,264,880","1,425,507","1,666,265","1,592,312","1,449,300","1,576,008","1,327,161"
Ozark NSR,"1,789,783","1,243,507","1,308,718","1,416,529","1,365,960","1,406,781","1,253,703","1,296,437","1,277,941","1,241,480","1,165,296","1,264,657","1,221,489","1,316,795","1,328,773","1,291,305","1,334,137","1,324,899"
Mount Rainier NP,"1,047,685","1,163,227","1,151,654","1,191,754","1,038,229","1,049,178","1,148,552","1,264,259","1,237,231","1,356,913","1,415,867","1,518,491","1,501,621","1,160,754","1,670,063","1,622,395","1,674,294","1,306,598"
"John D. Rockefeller, Jr. MEM PKWY","1,172,125","1,099,060","1,139,923","1,222,931","1,147,986","1,197,750","1,228,502","1,264,842","1,430,337","1,411,819","1,433,292","1,504,561","1,426,666","1,373,817","1,603,962","1,091,196","1,382,345","1,301,830"
Arches NP,"860,181","928,795","996,312","1,014,405","1,040,758","1,070,577","1,082,866","1,284,767","1,399,247","1,585,718","1,539,028","1,663,557","1,659,702","1,238,083","1,806,865","1,460,652","1,482,045","1,300,798"
New River Gorge NP & PRES,"1,178,012","1,212,854","1,144,318","1,151,213","1,071,088","1,128,195","1,071,823","1,124,799","1,178,753","1,197,931","1,168,658","1,232,627","1,195,721","1,054,374","1,682,720","1,593,523","1,707,223","1,240,814"
National Capital Parks East,"1,311,087","1,296,990","1,272,212","1,181,960","1,167,393","923,054","1,091,661","1,311,995","1,220,403","1,224,671","1,366,142","1,447,273","1,210,641","893,421","1,215,836","1,267,873","1,252,912","1,215,031"
Big Cypress NPRES,"822,864","813,790","812,207","665,523","941,393","882,570","1,007,788","1,192,856","1,112,290","1,102,148","922,883","794,350","1,007,471","1,181,930","2,563,810","2,903,159","1,846,562","1,210,211"
San Antonio Missions NHP,"1,208,498","1,303,212","1,567,667","1,304,690","568,021","614,810","521,705","1,395,337","1,322,154","1,358,911","1,381,383","1,208,104","1,281,121","1,141,353","1,335,071","1,238,920","1,180,929","1,172,464"
San Juan NHS,"1,025,407","1,135,577","1,069,673","1,105,252","1,229,590","1,279,814","1,328,802","1,382,906","1,532,818","1,456,553","1,188,780","910,405","1,197,345","357,100","798,188","1,027,264","1,314,819","1,137,664"
Death Valley NP,"704,122","871,938","828,574","984,775","946,867","984,568","951,972","1,101,312","1,154,843","1,296,283","1,294,827","1,678,660","1,740,945","820,023","1,146,551","1,128,862","1,099,632","1,102,044"
Timucuan EHP,"999,833","1,038,888","1,195,171","993,948","1,028,922","1,076,310","1,031,667","1,121,318","1,239,423","1,148,494","1,218,306","1,134,857","1,205,065","1,017,373","935,419","1,102,223","959,461","1,085,099"
Sequoia NP,"979,537","930,011","965,170","1,002,979","1,006,583","1,106,584","909,274","1,039,137","1,097,464","1,254,688","1,291,256","1,229,594","1,246,053","796,086","1,059,548","1,153,198","980,567","1,061,631"
Lake Meredith NRA,"984,108","875,280","1,080,644","883,586","734,030","502,457","554,272","692,195","831,374","1,025,613","1,329,076","1,106,233","1,328,340","1,612,784","1,307,769","1,276,717","1,337,683","1,027,186"
Minute Man NHP,"1,107,254","1,067,578","1,096,024","1,073,748","1,002,833","1,001,207","947,894","1,056,549","964,330","1,049,414","1,023,921","1,014,803","1,017,326","1,083,973","983,201","960,343","1,001,333","1,026,572"
Gettysburg NMP,"1,647,745","1,455,951","1,013,002","1,031,554","1,124,659","1,126,577","1,213,349","1,020,702","1,080,185","1,091,320","1,038,649","949,989","925,117","536,553","687,631","764,576","742,173","1,026,455"
Haleakala NP,"1,322,817","1,185,068","1,109,104","1,105,606","956,989","1,094,668","785,300","1,142,040","1,216,772","1,263,558","1,112,390","1,044,084","994,394","319,147","853,181","1,087,616","791,292","1,022,590"
Chickamauga & Chattanooga NMP,"991,645","993,535","992,448","991,901","1,036,699","1,032,844","905,984","996,694","1,002,373","1,027,738","994,537","945,962","977,158","678,414","945,390","964,272","1,021,822","970,554"
Badlands NP,"886,654","845,734","933,918","977,778","870,741","883,406","892,372","868,094","989,354","996,263","1,054,325","1,008,942","970,998","916,932","1,224,226","1,006,809","1,046,400","963,114"
Everglades NP,"1,074,764","822,118","900,882","915,538","934,351","1,141,906","1,047,116","1,110,901","1,077,427","930,907","1,018,557","597,124","1,118,300","702,319","942,130","1,155,193","810,189","958,807"
Curecanti NRA,"964,640","1,007,444","953,169","969,549","924,468","862,612","814,163","931,367","944,742","982,498","1,041,446","931,512","836,034","921,584","1,043,725","992,749","957,635","945,843"
Capitol Reef NP,"554,907","604,811","617,208","662,661","668,834","673,345","663,670","786,514","941,029","1,064,904","1,150,165","1,227,627","1,226,519","981,038","1,405,353","1,227,608","1,268,861","925,003"
Fort Vancouver NHS,"682,645","894,417","1,017,326","786,989","710,439","681,404","733,540","803,740","818,672","1,092,031","1,081,489","1,098,553","1,018,214","670,111","809,525","964,318","967,602","872,413"
Muir Woods NM,"811,033","838,292","779,880","834,356","897,131","972,331","954,125","1,049,400","1,099,923","1,123,121","1,062,099","957,932","812,073","324,232","657,722","798,625","809,697","869,528"
President's Park,"1,058,774","1,178,845","1,475,182","616,635","786,151","600,083","658,065","723,923","903,161","989,424","1,477,913","1,035,737","715,911","369,533","395,915","714,224","897,181","858,627"
World War I Memorial,,,,,,,,,,,,,,,"573,088","848,634","1,092,228","837,983"
Fredericksburg & Spotsylvania NMP,"469,920","473,841","906,175","899,936","908,836","982,324","880,251","873,328","891,917","969,895","919,311","926,464","906,800","838,835","736,416","756,296","844,890","834,437"
Whiskeytown NRA,"782,014","676,281","853,812","788,065","761,710","814,374","776,025","851,901","843,845","875,565","832,063","585,768","687,159","805,295","816,608","1,505,134","920,311","833,878"
Cumberland Gap NHP,"994,985","843,893","883,663","918,746","828,947","853,998","768,363","879,934","840,601","820,387","737,547","684,191","704,598","735,447","814,119","732,916","797,346","814,099"
Klondike Gold Rush NHP Alaska,"975,043","935,940","880,512","797,716","795,150","854,250","928,150","1,085,202","919,661","912,351","906,485","1,017,298","1,116,161",297,"33,228","342,909","1,284,320","810,863"
Cabrillo NM,"739,534","705,331","767,687","763,140","813,351","877,951","856,128","893,434","981,825","959,145","997,903","842,104","761,485","523,878","683,613","768,076","810,147","808,514"
Saguaro NP,"658,477","699,137","665,234","717,614","610,045","634,286","678,261","673,572","753,446","820,426","964,760","957,405","1,020,226","762,226","1,079,786","908,194","1,010,906","800,824"
Stonewall NM,,,,,,,,,,,"106,791","511,220","2,088,929",0,"70,000","1,581,961","832,650","741,650"
Ross Lake NRA,"290,701","253,333","288,458","682,736","728,353","742,200","725,917","710,612","772,579","905,418","759,656","892,044","1,088,528","920,526","855,926","998,019","881,837","735,108"
Pictured Rocks NL,"441,521","398,774","448,215","499,281","561,104","593,587","575,450","527,897","723,178","777,428","781,190","815,308","858,715","1,212,251","1,313,179","925,685","910,939","727,277"
Fort Sumter and Fort Moultrie NHP,"788,838","744,971","785,604","797,713","857,883","842,027","815,007","828,521","840,711","888,330","896,569","859,880","877,894","365,133","349,492","385,472","411,744","725,635"
Santa Monica Mountains NRA,"577,686","419,374","501,573","568,371","609,636","649,471","633,054","694,714","797,126","906,606","897,593","867,154","707,566","733,576","830,451","795,217","759,352","702,854"
Big South Fork NRRA,"626,751","675,928","686,747","656,374","606,579","600,161","565,063","599,906","643,135","684,715","761,200","760,906","750,494","772,625","834,724","797,726","766,000","693,473"
Castillo de San Marcos NM,"632,048","618,769","667,783","708,549","741,042","727,243","778,128","760,708","819,154","854,664","876,975","748,058","673,395","251,061","498,623","624,841","646,703","683,985"
Mojave NPRES,"582,675","618,285","528,865","600,897","536,006","542,527","549,599","554,560","589,155","585,635","716,604","787,404","841,516","608,633","866,635","773,463","1,178,998","674,203"
Cedar Breaks NM,"514,871","538,016","492,353","525,831","493,147","631,809","466,450","762,907","793,601","899,676","909,199","644,515","579,861","845,867","772,886","688,644","614,292","657,290"
Canyon de Chelly NM,"825,320","835,860","826,425","827,247","828,145","828,523","828,478","827,761","813,686","821,406","825,660","439,306","460,757","76,752","184,191","354,972","333,349","643,402"
Fort Matanzas NM,"830,672","813,131","793,253","673,700","570,695","497,574","523,694","568,529","622,175","557,810","578,981","608,103","593,788","543,590","562,114","698,895","711,543","632,250"
Theodore Roosevelt NP,"456,588","516,804","586,928","623,748","563,407","640,555","545,090","559,580","580,033","753,880","708,003","749,389","691,658","551,303","796,085","668,679","746,862","631,682"
Petrified Forest NP,"563,590","543,714","631,613","664,725","614,054","664,857","644,648","836,799","793,225","643,274","627,757","644,922","643,588","384,483","590,334","505,209","520,491","618,664"
Canyonlands NP,"417,560","436,715","436,241","435,908","473,773","452,952","462,242","542,431","634,607","776,218","742,271","739,449","733,996","493,914","911,594","779,147","800,322","604,079"
Padre Island NS,"658,317","635,925","642,163","612,716","542,873","573,855","515,830","578,815","582,839","634,012","650,197","616,033","576,299","617,704","615,826","531,624","552,687","596,336"
Kings Canyon NP,"580,129","574,870","609,296","598,205","566,810","591,033","567,544","502,268","468,106","607,479","692,932","699,023","632,110","415,077","562,918","640,986","643,065","585,403"
Wind Cave NP,"603,158","573,433","587,868","577,141","538,394","529,083","516,142","547,022","612,198","617,377","619,924","656,397","615,350","448,405","709,001","607,418","592,459","585,339"
Saint Croix NSR,"519,330","523,595","564,326","188,400","273,729","221,028","342,942","671,582","623,122","708,258","772,475","724,644","638,258","798,622","732,100","833,773","806,257","584,849"
Crater Lake NP,"468,958","415,686","446,516","448,319","423,551","447,251","523,027","535,508","614,712","756,344","711,749","720,659","704,512","670,500","647,751","527,259","559,976","566,016"
Manassas NBP,"584,926","594,992","578,383","612,490","659,740","600,354","538,888","514,140","502,045","534,835","605,577","542,004","510,427","558,036","516,604","532,727","564,905","561,828"
"Martin Luther King, Jr. NHP","652,867","658,873","650,343","658,452","666,482","707,514","704,168","766,030","673,728","467,715","584,435","641,801","761,650","198,158","28,034","242,789","481,101","561,420"
Dwight D. Eisenhower MEM,,,,,,,,,,,,,,"187,328","625,740","760,603","667,492","560,291"
White Sands NP,"437,042","438,511","471,167","470,921","428,924","447,385","490,544","503,660","497,506","555,793","612,468","603,008","608,785","415,383","782,469","705,127","729,096","541,046"
Biscayne NP,"517,442","686,062","437,745","467,612","476,077","495,613","486,848","525,745","508,164","514,709","446,961","469,253","708,522","402,770","705,655","701,023","571,242","536,555"
Ford's Theatre NHS,"732,521","335,865","658,271","662,298","642,786","701,542","665,876","655,441","681,537","650,779","744,266","533,410","572,373","56,058","101,146","319,596","393,214","535,705"
Mesa Verde NP,"541,102","551,446","550,377","559,712","572,329","488,860","460,237","501,563","547,325","583,527","613,788","563,420","556,203","287,477","548,477","499,790","505,194","525,343"
Fort McHenry NM & HS,"574,924","598,050","605,870","611,582","641,254","744,076","678,431","769,300","617,890","610,987","591,861","486,113","419,545","163,224","150,075","223,957","429,967","524,536"
Mammoth Cave NP,"487,305","446,174","503,856","497,225","483,319","508,054","494,541","522,628","566,895","586,514","587,853","533,206","551,590","290,392","515,774","663,147","654,450","523,113"
Vicksburg NMP,"699,314","555,109","584,105","581,459","796,035","573,262","573,838","550,874","532,444","508,914","475,074","474,387","576,456","176,236","391,947","410,487","342,984","517,819"
Cape Lookout NS,"860,602","486,899","601,954","530,181","508,116","480,294","416,568","430,927","400,413","458,000","399,357","408,399","455,526","488,331","562,461","541,533","529,995","503,503"
Salem Maritime NHS,"843,520","856,935","723,088","806,506","737,073","756,038","426,328","403,758","264,780","371,989","373,630","300,475","339,238","125,554","181,008","392,836","544,747","496,912"
White House,"491,229","519,011","616,890","922,335","570,057","656,949","231,627","569,391","526,263","611,207","439,725","485,974","454,117","114,519","14,205","236,380","553,665","471,385"
Glacier Bay NP & PRES,"438,211","418,911","438,361","444,530","431,986","454,337","500,590","500,727","551,353","520,171","547,057","597,915","672,087","5,748","89,768","545,758","703,659","462,422"
Arlington House The R.E. Lee MEM,"466,690","518,515","603,773","627,576","576,816","562,772","586,531","671,638","532,050","1,057,500","726,059","49,500",0,0,"4,781","306,686","419,225","453,536"
Denali NP & PRES,"458,308","432,309","358,041","378,855","406,582","388,433","530,922","531,315","560,757","587,412","642,809","594,660","601,152","54,850","229,521","427,562","498,722","451,895"
Montezuma Castle NM,"597,611","603,755","601,465","578,554","573,731","455,305","389,091","407,017","416,635","392,168","398,174","390,151","376,254","242,028","418,147","364,014","367,239","445,373"
Devils Tower NM,"322,272","336,303","391,023","436,200","395,203","416,994","417,326","440,875","478,833","496,210","499,031","468,216","450,785","423,997","550,712","480,713","511,205","442,112"
Lowell NHP,"519,706","574,410","565,960","540,475","520,452","537,551","517,763","514,524","531,055","541,825","562,498","507,276","481,536","53,954","49,721","209,284","256,303","440,253"
Wright Brothers NMEM,"494,331","527,721","476,291","476,200","445,455","466,816","447,796","430,517","437,184","458,776","414,244","360,669","400,135","277,963","482,191","437,391","423,488","438,657"
Lassen Volcanic NP,"395,057","377,361","365,639","384,570","351,269","407,653","427,409","432,977","468,092","536,068","507,256","499,435","517,039","542,274","359,635","446,291","418,978","437,471"
Colorado NM,"395,260","390,972","400,266","433,561","435,460","454,510","409,351","416,862","588,006","391,075","375,035","375,467","397,032","435,625","499,841","480,442","486,179","433,232"
Fire Island NS,"616,233","604,577","569,667","613,057","519,173","483,334","294,219","384,343","441,899","431,303","456,392","305,710","391,311","250,449","224,924","393,749","298,958","428,194"
Redwood NP,"385,171","396,899","444,426","418,820","380,167","352,517","393,364","429,166","527,143","536,297","445,000","482,536","504,722","265,177","435,879","458,400","409,105","427,341"
Little River Canyon NPRES,"264,189","197,693","189,251","192,576","225,549","201,109","185,477","224,931","248,135","462,700","367,058","441,177","649,986","802,375","862,606","726,239","700,638","408,335"
Wolf Trap NP for the Performing Arts,"503,016","487,197","466,752","520,397","425,177","426,996","441,166","388,283","407,351","437,513","424,364","365,540","402,580","30,073","247,862","445,497","489,008","406,398"
Big Bend NP,"364,856","362,512","363,905","372,330","361,862","292,055","316,953","314,102","381,747","388,290","440,276","440,091","463,832","393,907","581,220","514,107","509,129","403,598"
Carlsbad Caverns NP,"409,560","400,381","432,639","428,524","365,000","381,058","388,566","397,309","445,720","466,773","520,026","465,912","440,691","183,835","349,244","390,932","394,121","403,547"
Shiloh NMP,"368,742","357,340","404,134","317,046","387,816","587,620","536,206","409,086","356,535","421,862","435,107","376,099","360,989","386,883","371,863","387,205","371,735","402,133"
Fort Washington Park,"324,660","484,202","339,370","352,883","409,381","368,824","443,918","466,078","337,433","560,358","317,470","316,052","423,868","160,289","636,276","406,917","448,220","399,776"
Fort Pulaski NM,"317,349","352,636","435,661","416,292","408,104","385,751","374,408","387,010","382,945","344,921","360,591","419,930","374,290","357,970","419,480","471,077","448,047","391,557"
Pu'uhonua o Honaunau NHP,"489,785","414,667","397,665","419,590","426,224","442,353","363,282","401,808","437,286","421,027","505,735","462,974","414,410","130,845","250,919","311,441","341,502","390,089"
Jean Lafitte NHP & PRES,"303,373","339,821","335,075","391,019","420,366","419,694","400,128","445,524","405,618","438,420","456,666","529,878","590,329","192,601","247,749","269,748","248,353","378,492"
Great Sand Dunes NP & PRES,"285,121","273,903","289,955","283,284","280,058","254,674","242,841","271,774","299,513","388,308","486,935","442,905","527,546","461,532","602,613","493,428","512,219","376,271"
Virgin Islands NP,"571,382","469,034","415,847","493,477","442,414","483,341","438,601","426,930","438,372","411,343","304,408","112,287","133,398","167,540","323,999","196,752","343,685","363,106"
Vanderbilt Mansion NHS,"398,125","360,334","380,460","390,525","367,680","423,107","372,569","398,447","431,961","387,856","360,436","340,870","326,822","217,231","333,029","326,012","338,436","361,994"
Catoctin Mountain Park,"591,191","466,926","440,294","385,745","264,460","263,797","175,213","188,170","229,301","221,750","236,243","299,860","296,846","539,983","520,339","450,322","432,492","353,114"
Governors Island NM,"69,014","205,010","325,840","409,207","402,174","348,249","355,553","698,227","438,613","522,859","625,653","589,798","590,993","102,915","191,257","44,345","38,670","350,493"
Boston African American NHS,"265,459","280,279","298,519","333,463","379,906","404,248","386,084","408,641","412,377","414,170","413,151","410,893","419,585","89,616","239,238","390,765","389,863","349,192"
San Juan Island NHP,"273,289","255,492","274,642","263,370","266,717","261,139","220,960","268,946","258,668","316,122","267,209","255,032","292,507","426,335","638,066","700,325","457,989","335,106"
War in the Pacific NHP,"209,661","187,005","271,608","219,349","482,391","255,923","266,267","266,191","322,463","488,988","384,610","387,856","432,213","318,711","367,150","380,578","415,533","332,735"
Prince William Forest Park,"295,853","345,361","368,365","386,521","379,535","280,325","309,298","315,072","312,109","344,435","360,540","313,629","339,693","333,903","325,248","294,916","295,630","329,437"
Channel Islands NP,"360,806","332,177","348,745","277,515","242,756","249,594","212,029","342,161","324,816","364,807","383,687","366,250","409,630","167,290","319,252","323,245","328,746","314,912"
Guilford Courthouse NMP,"445,752","354,077","290,368","285,444","346,617","313,374","541,581","173,261","222,602","321,796","348,991","236,016","223,900","186,020","211,689","389,057","404,759","311,488"
Antietam NB,"337,569","352,548","378,966","393,957","384,987","510,921","370,832","337,079","347,180","351,911","366,508","326,197","287,343","85,884","110,544","115,619","153,560","306,565"
Kenai Fjords NP,"284,604","272,190","218,358","297,596","346,852","281,279","283,502","270,666","296,697","346,534","303,598","321,596","356,601","115,882","411,782","389,943","387,525","305,012"
Harpers Ferry NHP,"249,908","254,162","275,044","268,822","255,348","263,105","255,714","261,202","282,893","335,691","342,535","265,737","299,577","234,473","309,901","407,008","427,317","293,437"
Flight 93 NMEM,"143,725","136,091","149,668","137,837","265,246","317,926","265,924","284,226","337,217","385,123","364,082","381,448","411,226","244,364","424,224","346,559","377,810","292,512"
Washington Monument,"591,081","671,031","676,002","628,665","430,153",0,0,"423,170","493,550","252,677",0,0,"108,410","83,585","63,840","260,317","248,750","290,072"
LBJ Memorial Grove on the Potomac,"453,297","411,164","333,368","230,694","239,058","371,063","294,979","254,167","232,882","260,234","277,403","261,225","244,246","211,228","232,875","242,325","260,344","282,974"
Fort Caroline NMEM,"250,616","279,984","288,606","299,906","326,149","327,339","307,086","187,843","224,418","232,082","243,960","203,276","187,658","404,476","323,852","329,363","324,004","278,860"
Fort Raleigh NHS,"321,717","311,751","338,212","305,711","282,134","281,833","263,598","264,987","289,885","292,367","274,981","261,198","248,139","153,519","293,447","287,650","263,571","278,512"
Dinosaur NM,"230,914","201,724","203,862","197,812","213,559","302,858","274,361","250,625","291,799","304,312","315,859","304,468","298,965","264,145","359,560","351,019","326,529","276,022"
Morristown NHP,"296,651","277,203","298,060","278,392","222,395","294,606","304,941","264,363","218,959","252,514","268,295","279,393","271,330","262,361","332,036","245,231","240,144","270,993"
Little Bighorn Battlefield NM,"290,744","282,233","302,811","320,959","312,168","346,327","277,883","281,436","317,782","332,328","296,128","272,591","241,304","97,461","211,296","168,433","227,295","269,363"
Stones River NB,"196,061","198,918","189,952","187,559","187,208","260,537","258,242","272,499","264,925","346,213","230,562","266,503","284,516","301,270","365,833","417,791","339,364","268,703"
Kings Mountain NMP,"262,283","254,997","277,576","275,555","272,325","265,713","247,632","251,093","257,077","263,357","291,841","287,635","262,031","249,477","265,666","238,656","219,267","261,305"
Paterson Great Falls NHP,,,,,,,,,,"177,498","308,199","143,604","276,985","339,768","312,595","248,293","279,788","260,841"
De Soto NMEM,"260,843","265,944","246,608","265,406","355,653","432,981","279,924","342,039","293,647","232,463","233,354","210,993","187,880","196,114","222,380","173,150","231,892","260,663"
Nez Perce NHP,"225,568","207,250","176,238","193,000","286,259","233,093","297,973","221,439","224,967","239,908","238,424","307,645","216,068","301,473","309,165","344,517","377,392","258,846"
Upper Delaware S&RR,"248,284","284,347","258,311","306,468","270,390","255,586","228,464","230,845","243,246","264,362","253,537","220,966","215,537","250,198","269,810","270,718","327,266","258,726"
Black Canyon of the Gunnison NP,"219,576","160,185","171,451","176,344","168,336","192,570","175,852","183,045","209,166","238,018","307,143","308,962","432,818","341,620","308,910","297,257","357,069","249,901"
Lewis & Clark NHP,"234,380","230,057","225,846","218,553","191,867","201,704","217,022","244,921","270,410","281,576","293,356","286,349","270,993","161,230","274,230","279,924","284,739","245,127"
Fort Necessity NB,"353,296","127,672","197,271","264,450","193,479","187,893","165,159","219,546","280,705","290,021","294,145","280,970","312,104","199,801","274,853","258,293","248,948","244,036"
Lincoln Home NHS,"358,809","335,473","464,074","354,125","296,214","295,464","209,405","218,132","233,299","239,719","232,265","197,717","197,816","27,744","89,964","145,144","158,920","238,487"
Craters of the Moon NM & PRES,"221,672","227,179","194,046","215,698","198,545","197,529","200,525","214,993","246,826","255,436","285,227","263,506","272,224","250,872","270,829","237,774","257,598","235,911"
Pinnacles NP,"161,019","166,988","171,112","246,575","393,219","224,476","237,677","196,635","206,533","215,555","233,334","222,152","177,224","165,740","348,857","275,023","341,220","234,314"
Fort Donelson NB,"233,205","208,631","203,456","202,210","257,389","284,762","247,734","262,317","260,744","259,343","208,816","168,986","254,431","325,496","234,898","183,638","179,950","233,883"
Mississippi NRRA,,,,,"99,398","106,733","100,111","85,637","127,635","256,944","436,734","417,022","374,682","204,707","228,460","303,882","294,700","233,588"
Organ Pipe Cactus NM,"341,594","340,290","330,064","209,602","211,405","161,743","206,860","224,548","222,723","234,186","260,534","260,375","263,186","191,512","190,848","133,317","186,601","233,493"
Voyageurs NP,"220,650","221,585","222,429","253,891","177,184","214,841","233,390","239,160","238,313","241,912","237,250","239,656","232,974","263,091","243,042","221,434","220,825","230,684"
Fort Frederica NM,"264,586","248,093","296,117","294,484","293,041","262,235","217,580","228,103","202,191","192,906","188,089","183,591","212,330","210,892","84,860","245,214","286,017","230,019"
Bighorn Canyon NRA,"213,063","178,533","205,293","258,637","201,010","245,831","241,527","224,083","245,173","259,485","231,836","235,570","249,659","212,295","219,505","217,660","217,731","226,876"
Obed W&SR,"182,504","192,154","212,933","180,203","212,458","212,446","198,367","215,767","214,441","231,390","214,783","217,530","221,301","237,837","247,826","306,502","278,944","222,199"
Abraham Lincoln Birthplace NHP,"202,950","200,404","221,111","177,122","163,568","169,515","163,928","241,264","148,605","252,495","269,580","260,964","238,226","228,141","251,188","265,707","239,950","217,336"
Cowpens NB,"197,255","235,176","224,394","226,868","223,923","231,973","216,239","200,836","206,740","213,299","212,692","189,410","223,413","226,903","204,811","212,534","226,369","216,049"
Apostle Islands NL,"182,396","162,871","170,202","156,945","176,040","163,419","148,556","290,059","232,662","183,796","203,421","252,920","240,613","219,009","290,961","254,952","247,167","210,352"
Wupatki NM,"239,603","239,157","233,284","221,083","216,165","201,365","190,878","195,962","212,828","223,172","236,454","205,122","187,059","146,074","207,445","194,448","215,703","209,753"
Piscataway Park,"184,636","324,394","234,186","248,314","279,060","124,107","161,999","109,473","148,729","123,381","154,011","146,364","329,729","166,484","279,538","243,212","282,507","208,243"
Wilson's Creek NB,"121,878","120,670","156,230","185,200","192,865","167,205","157,309","161,058","161,004","183,698","206,346","220,276","232,838","287,260","271,245","282,914","316,770","201,457"
Appomattox Court House NHP,"149,255","178,748","185,443","216,220","258,917","320,668","317,660","278,776","412,640","303,139","113,960","103,044","102,397","57,513","92,650","83,483","91,963","192,146"
Petroglyph NM,"112,868","116,620","118,688","105,643","114,428","119,444","115,075","115,859","117,825","124,177","141,803","268,613","293,957","356,492","364,211","339,394","314,528","190,566"
Sitka NHP,"304,799","241,407","246,866","189,176","186,864","195,157","161,157","157,297","185,150","217,141","194,880","197,017","232,876","115,494","96,793","134,451","182,115","190,508"
Bandelier NM,"224,134","207,656","212,544","234,896","193,914","150,289","126,682","130,106","174,073","198,478","209,141","198,441","200,741","94,948","270,716","210,941","199,501","190,424"
Petersburg NB,"154,619","154,003","162,722","175,553","213,261","188,426","190,086","205,572","192,655","191,898","208,473","204,322","235,691","152,878","201,606","180,907","182,695","187,963"
Kaloko Honokohau NHP,"119,237","104,835","166,380","132,731","162,906","153,584","158,124","154,206","170,683","185,041","196,857","218,015","232,921","133,877","262,653","291,342","292,400","184,458"
New Bedford Whaling NHP,"327,047","281,512","279,803","277,681","273,862","269,885","276,374","272,731","167,790","145,500","166,894","186,937","143,427","18,243","10,487","13,570","17,034","184,046"
Guadalupe Mountains NP,"165,110","163,709","198,882","192,210","152,546","159,360","145,670","166,868","169,535","181,839","225,257","172,347","188,833","151,256","243,291","219,987","227,340","183,767"
Big Thicket NPRES,"95,285","93,634","100,509","140,489","137,722","135,262","120,108","109,956","125,832","192,809","170,649","221,514","255,926","309,053","290,837","276,788","262,791","178,774"
River Raisin NBP,,,,,"36,206","50,667","57,464","55,281","109,118","202,375","238,813","240,548","226,354","309,977","263,472","241,998","252,796","175,775"
Natchez NHP,"207,441","232,470","218,126","206,870","206,624","184,551","191,095","215,257","204,332","204,120","233,339","234,786","182,123","57,646","56,264","64,691","61,179","174,171"
Richmond NBP,"132,578","120,823","134,634","130,415","139,376","156,952","151,240","179,552","184,175","208,969","224,014","199,344","197,242","179,598","152,308","173,124","169,145","166,676"
Adams NHP,"224,880","241,536","253,656","73,339","219,975","336,031","285,501","178,468","183,632","199,301","255,562","121,007","187,400","6,937","20,679","12,848","25,229","166,234"
Federal Hall NMEM,"127,432","212,564","204,880","178,749","187,109","167,146","148,647","137,538","172,038","314,531","325,497","230,634","264,849","13,822","4,583","40,229","76,750","165,118"
John Day Fossil Beds NM,"124,704","112,578","130,925","135,151","148,002","148,152","156,285","183,420","196,277","210,110","214,557","204,621","197,091","88,571","148,276","165,201","169,016","160,761"
Allegheny Portage Railroad NHS,"123,215","113,991","118,931","107,363","118,410","138,864","107,977","172,883","168,433","189,371","201,837","189,047","189,189","136,029","187,919","176,144","199,612","155,248"
Theodore Roosevelt Island,"109,894","109,156","141,559","116,035","137,690","149,754","162,599","146,500","159,740","164,360","168,195","151,500","151,500","153,598","169,444","171,500","153,053","148,005"
Missouri NRR,"145,767","162,086","186,313","167,301","179,983","167,776","169,698","134,760","145,004","148,210","119,816","128,657","129,280","111,602","140,814","133,162","116,189","146,260"
El Malpais NM,"110,639","115,066","123,290","134,662","105,356","114,678","137,904","164,063","174,433","157,440","161,526","154,368","158,924","139,336","181,729","162,755","167,107","144,899"
Sunset Crater Volcano NM,"231,855","209,399","187,397","158,819","185,265","177,793","184,864","176,723","182,203","60,233","119,454","104,583","108,379","83,669","125,653","54,787","81,519","143,094"
First State NHP,,,,,,,,,,,,,,,,,"143,045","143,045"
Walnut Canyon NM,"126,187","101,833","128,299","126,552","125,003","110,748","125,267","135,230","153,322","152,444","165,134","167,736","152,333","107,422","212,328","179,396","152,548","142,458"
Congaree NP,"115,524","104,913","122,970","121,208","120,166","109,685","120,340","120,122","87,513","143,843","159,595","145,929","159,445","119,306","215,181","204,522","250,114","142,375"
Scotts Bluff NM,"111,890","111,849","121,391","133,795","128,811","122,515","108,127","119,159","131,122","130,085","152,560","142,028","166,007","181,900","194,027","174,651","174,267","141,423"
Pennsylvania Avenue NHS,"226,908","239,785","256,874","262,030","236,136","283,232","257,831","54,035",0,0,"108,716","119,616","125,035","15,898",0,"56,928","138,108","140,067"
Johnstown Flood NMEM,"126,066","135,308","114,350","100,799","105,906","123,081","121,923","141,354","163,431","154,931","171,376","146,269","183,143","87,805","148,654","148,142","159,403","137,173"
Greenbelt Park,"198,237","164,103","188,043","270,661","190,427","145,552","142,742","132,688","135,260","137,900","141,856","85,260","128,702","28,319","23,893","60,800","91,785","133,308"
Home of Franklin D. Roosevelt NHS,"114,195","124,073","123,033","140,251","125,488","135,746","147,218","179,340","180,405","193,272","185,743","154,000","147,109","40,091","46,375","100,665","117,789","132,635"
Ocmulgee Mounds NHP,"114,379","102,631","110,819","109,413","122,722","120,025","115,801","122,799","155,388","162,260","156,907","133,008","146,925","61,303","128,820","155,242","180,928","129,375"
Lincoln Boyhood NMEM,"128,596","147,123","182,172","126,228","108,420","133,550","125,069","99,795","111,711","125,562","143,651","133,850","138,714","110,692","114,353","105,819","128,973","127,310"
Herbert Hoover NHS,"118,298","142,656","162,886","142,512","134,249","128,812","128,919","139,086","127,154","152,382","144,619","138,087","125,688","56,270","69,843","103,804","109,728","125,000"
Lava Beds NM,"102,629","120,076","129,639","130,765","124,113","181,429","105,395","138,499","108,687","127,699","135,286","127,771","109,630","111,258","103,946","130,969","136,164","124,939"
Gauley River NRA,"118,169","112,262","113,185","107,223","109,780","115,283","135,309","117,354","105,374","115,888","118,733","97,778","119,282","109,378","167,794","163,510","187,223","124,325"
Coronado NMEM,"71,702","91,028","106,409","136,284","153,042","97,579","92,936","118,838","132,584","136,075","131,614","103,218","130,328","156,199","129,758","131,359","140,089","121,120"
George Rogers Clark NHP,"114,560","113,688","103,284","118,912","145,596","125,972","128,531","125,218","135,856","126,095","117,268","121,187","140,130","56,108","116,088","123,229","145,597","121,019"
Devils Postpile NM,"120,758","134,005","110,212","80,349","97,207","87,845","91,794","114,414","140,313","135,404","109,571","139,724","147,864","108,590","145,387","144,453","86,132","117,295"
Perry's Victory & Intl. Peace MEM,"110,879","157,337","154,457","92,944","93,119","140,281","158,231","129,440","156,578","142,152","84,769","150,557","121,325","40,469","68,010","90,988","101,837","117,257"
Great Basin NP,"81,364","69,235","84,974","88,870","91,451","94,850","92,893","107,526","116,123","144,846","168,028","153,094","131,802","120,248","144,875","142,115","143,265","116,209"
George Washington Birthplace NM,"101,844","99,975","113,083","128,158","130,647","134,824","131,683","131,984","130,952","129,750","122,457","111,058","139,666","41,970","102,782","96,234","98,843","114,465"
Andersonville NHS,"153,686","159,592","136,267","121,535","108,812","122,883","98,771","127,189","136,686","134,216","132,149","138,164","103,635","63,799","45,084","60,109","77,740","112,960"
Timpanogos Cave NM,"114,737","123,682","138,571","120,241","96,965","118,764","91,269","95,679","104,023","91,261","100,740","121,311","103,512","92,481","122,551","155,995","120,656","112,496"
Jewel Cave NM,"105,321","100,481","129,595","103,462","77,146","109,300","98,259","104,348","116,444","137,275","144,537","142,356","123,489","35,878","108,209","119,343","121,536","110,411"
Chamizal NMEM,"218,195","197,767","215,852","226,535","113,817","104,148","121,937","108,399","122,431","147,937","86,400","66,479","38,228","19,180","19,600","17,673","8,324","107,818"
Lyndon B. Johnson NHP,"85,818","93,204","98,218","112,680","100,056","110,791","82,369","88,427","124,979","140,303","146,119","121,499","111,972","75,322","133,914","87,386","118,819","107,757"
Christiansted NHS,"101,522","105,136","114,743","117,214","119,335","126,962","118,638","109,159","116,817","115,446","96,779","107,494","103,594","23,816","91,200","96,587","107,171","104,213"
Pu'ukohola Heiau NHS,"104,907","92,584","99,042","129,886","133,306","134,403","125,645","134,734","139,586","138,565","147,259","145,585","133,573","23,970","24,326","31,602","23,197","103,657"
Pea Ridge NMP,"68,840","68,464","68,746","115,128","114,234","131,907","95,251","104,686","114,578","119,490","121,163","101,969","102,753","80,455","82,854","81,992","171,562","102,592"
Fort Smith NHS,"83,850","75,174","63,540","68,678","86,122","87,386","69,584","88,790","111,469","163,636","141,914","136,568","125,500","67,574","99,854","123,229","135,128","101,647"
City of Rocks NRES,"79,533","85,893","96,649","92,484","95,764","98,996","94,906","94,825","105,289","107,865","130,276","142,250","99,311","110,203","97,376","83,996","92,059","100,451"
Tuzigoot NM,"107,796","102,811","106,250","103,274","101,104","97,388","85,746","74,903","95,065","104,604","109,388","98,090","98,538","78,358","124,406","116,639","102,936","100,429"
Little Rock Central High School NHS,"56,938","42,302","60,103","49,740","66,106","63,938","114,144","115,908","125,956","129,540","170,413","149,098","168,918","68,497","84,839","92,108","58,571","95,125"
General Grant NMEM,"84,171","91,436","100,874","119,665","104,769","92,418","83,440","100,622","95,526","109,151","97,005","73,336","113,852","24,475","57,487","132,542","84,153","92,054"
Manzanar NHS,"81,344","78,468","89,190","76,592","79,587","72,831","77,511","77,633","95,327","105,307","114,461","104,081","97,380","65,289","117,113","116,843","105,416","91,434"
Fort Stanwix NM,"59,643","71,263","93,170","103,748","102,874","195,057","129,089","60,819","86,678","94,006","106,936","90,507","97,412","24,134","45,684","71,716","83,401","89,185"
Minuteman Missile NHS,"24,566","30,615","36,777","42,348","59,389","75,654","76,261","62,058","100,488","133,895","143,715","139,273","125,776","98,908","140,280","105,776","115,769","88,915"
Grand Portage NM,"68,856","77,323","76,025","113,996","97,440","93,156","88,598","88,877","91,751","95,862","96,051","94,137","94,985","66,426","83,708","93,108","88,291","88,741"
Natural Bridges NM,"88,316","91,838","92,023","95,676","91,184","89,011","82,330","87,119","94,797","101,843","107,443","103,118","88,090","52,542","73,484","71,249","83,760","87,872"
Saratoga NHP,"106,708","88,834","89,366","63,719","65,043","57,688","54,364","58,773","65,010","102,808","97,781","135,444","145,118","73,825","70,682","70,742","101,943","85,168"
Steamtown NHS,"70,726","71,123","65,144","104,855","111,725","106,309","81,174","84,257","89,592","99,660","103,956","97,950","105,403","27,322","54,433","71,232","58,403","82,545"
Ninety Six NHS,"33,595","57,304","50,689","63,747","70,099","73,044","69,624","65,688","80,223","118,002","113,103","95,550","97,295","95,418","92,976","108,082","118,207","82,509"
Waco Mammoth NM,,,,,,,,,"20,551","69,510","101,792","106,932","111,331","46,457","81,338","88,240","98,123","80,475"
Monocacy NB,"22,125","31,276","34,553","33,313","36,674","47,249","37,647","56,187","64,596","87,547","113,820","84,901","144,969","155,116","137,300","127,111","132,098","79,205"
Palo Alto Battlefield NHP,"21,676","45,026","41,599","26,865","24,752","36,707","32,522","41,516","47,866","58,556","84,361","82,488","149,733","97,860","128,852","196,252","160,450","75,122"
Carl Sandburg Home NHS,"28,820","21,233","83,550","86,740","89,721","93,429","81,710","82,377","72,606","80,696","72,777","72,047","78,144","42,672","47,846","79,123","149,043","74,267"
Niobrara NSR,"79,942","70,270","68,058","69,705","65,785","65,999","71,876","53,443","68,110","73,813","80,806","61,639","60,812","102,766","90,670","80,071","75,219","72,881"
Dayton Aviation Heritage NHP,"54,827","53,292","58,301","63,961","68,048","65,999","59,274","57,565","73,588","95,334","99,700","93,541","94,709","39,851","65,735","81,303","89,976","71,471"
Casa Grande Ruins NM,"76,854","73,763","76,350","77,347","72,308","68,631","65,106","63,698","72,606","75,752","75,583","62,995","68,379","44,269","49,261","78,557","111,392","71,344"
Pipestone NM,"72,422","80,137","69,539","78,108","61,908","76,030","64,760","62,151","70,748","67,489","76,486","73,267","77,508","38,229","82,344","78,036","83,189","71,315"
Homestead NHP,"70,216","71,314","71,301","74,314","69,845","103,708","67,396","69,156","78,739","87,755","123,400","68,091","61,636","40,897","54,113","47,614","49,848","71,138"
Rainbow Bridge NM,"81,607","95,567","113,460","104,501","92,311","75,214","54,773","62,910","77,270","86,369","108,418","110,904","115,108","3,573","3,290",81,165,"69,737"
Effigy Mounds NM,"88,268","68,696","78,177","79,783","82,581","78,540","71,074","77,812","81,901","77,195","67,006","55,576","65,581","18,225","66,734","56,422","61,795","69,139"
New Orleans Jazz NHP,"49,053","66,726","80,828","80,195","130,393","177,909","198,363","36,017","58,188","35,514","40,814","54,483","41,049","9,640","25,750","37,410","40,357","68,393"
Wrangell-St. Elias NP & PRES,"61,085","65,693","59,966","73,170","65,225","87,158","69,984","74,722","80,366","79,047","68,292","79,450","74,518","16,655","50,189","65,236","78,305","67,592"
Moores Creek NB,"55,039","44,820","68,864","51,326","58,118","79,345","72,330","87,774","89,944","83,889","86,747","58,531","77,006","58,786","60,727","53,681","55,483","67,201"
Oregon Caves NM & PRES,"76,966","73,774","88,496","86,335","76,194","78,164","72,717","69,405","72,709","80,613","72,212","67,417","65,006","22,789","34,202","72,923","32,041","67,174"
Florissant Fossil Beds NM,"55,992","56,988","64,251","65,422","61,289","62,637","58,032","63,297","69,130","73,564","71,763","79,568","77,340","61,081","75,128","67,174","63,739","66,259"
Dry Tortugas NP,"60,895","63,947","52,011","53,890","75,171","60,550","58,401","64,865","70,862","73,661","54,281","56,810","79,200","48,543","83,817","78,488","84,285","65,863"
Cumberland Island NS,"72,449","82,812","77,588","91,996","74,279","61,493","51,435","61,401","59,859","61,896","51,937","55,650","53,904","37,295","72,240","64,387","73,812","64,967"
Horseshoe Bend NMP,"73,669","50,719","72,232","67,776","65,892","58,668","55,965","64,359","89,282","83,370","74,255","48,491","45,372","28,600","58,285","67,773","72,725","63,378"
Sagamore Hill NHS,"43,698","53,772","53,800","55,149","53,336","20,097","14,639","19,319","42,326","53,920","55,186","39,970","36,738","105,289","207,032","91,735","131,333","63,373"
Klondike Gold Rush NHP Seattle,"54,971","58,389","54,219","65,870","64,898","60,198","61,942","62,022","60,372","69,435","84,759","82,646","109,799","13,003","35,977","60,423","71,990","62,995"
Capulin Volcano NM,"49,182","45,178","50,935","48,580","46,358","48,710","48,466","50,892","55,506","60,132","59,615","67,411","81,617","63,335","106,623","88,541","88,514","62,329"
Valles Caldera NPRES,,,,,,,,,,,,,,"30,434","76,578","63,738","76,090","61,710"
Hubbell Trading Post NHS,"69,211","61,955","99,267","80,578","88,231","75,061","75,678","81,475","66,324","67,276","45,800","39,361","50,285","11,407","21,256","50,017","54,187","61,022"
Navajo NM,"69,445","74,143","77,901","90,696","87,388","58,219","54,168","65,778","71,370","65,705","68,785","61,195","49,983","3,985","14,834","41,118","44,180","58,758"
Manhattan Project NHP,,,,,,,,,,"104,715","89,599","69,543","79,870","11,392","26,063","27,265","60,100","58,568"
Jimmy Carter NHP,"84,501","82,417","69,972","64,849","66,157","69,940","67,455","62,057","67,797","66,441","60,735","51,680","50,789","14,267","27,615","35,308","40,981","57,821"
Kalaupapa NHP,"60,992","60,934","30,654","27,919","57,841","58,875","101,112","67,210","67,891","71,527","76,512","72,146","69,401","15,847","25,252","38,771","46,981","55,874"
African Burial Ground NM,,,,"117,113","108,585","77,624","93,234","54,861","56,348","46,526","43,182","45,035","47,427","7,908","9,167","29,743","40,817","55,541"
Chiricahua NM,"58,434","56,557","60,851","55,436","37,037","41,159","40,646","45,125","56,960","51,277","63,132","60,577","60,655","44,794","53,413","61,377","62,582","53,530"
Golden Spike NHP,"45,088","39,968","45,334","43,561","43,933","42,551","40,704","44,125","59,147","60,027","67,811","60,130","108,154","53,106","52,910","49,042","53,015","53,447"
El Morro NM,"51,492","45,178","48,245","52,566","48,332","44,808","40,051","46,256","49,390","59,422","59,013","65,453","68,867","36,328","66,734","60,501","54,836","52,792"
Andrew Johnson NHS,"43,456","69,433","63,296","60,323","52,322","51,261","42,929","42,863","45,357","45,937","53,998","50,671","51,189","46,092","63,720","52,873","61,086","52,753"
Eisenhower NHS,"69,747","70,757","64,212","61,210","58,022","53,286","59,179","58,240","54,377","55,550","50,597","42,036","47,277","7,926","16,915","22,250","98,837","52,378"
Whitman Mission NHS,"49,337","53,356","52,605","58,521","57,611","60,785","57,686","58,499","39,525","50,148","47,757","49,274","48,481","34,933","43,921","52,000","47,232","50,687"
Hopewell Furnace NHS,"56,013","49,328","53,186","55,750","44,873","52,870","46,138","48,105","51,252","54,167","49,306","46,407","49,861","34,288","49,248","57,238","54,293","50,137"
Longfellow House Washington's HQ NHS,"49,246","59,827","39,065","45,684","46,596","52,234","40,554","46,371","50,784","49,697","51,606","60,527","55,012","30,014","35,895","60,558","67,376","49,473"
Fort Laramie NHS,"40,263","48,297","56,923","57,128","52,916","55,199","54,057","49,038","51,616","57,444","61,513","52,414","42,892","26,066","42,904","39,657","47,155","49,146"
Roger Williams NMEM,"49,348","46,154","50,397","51,559","50,909","51,944","48,677","51,523","60,505","65,588","80,970","60,709","59,419","13,971","20,719","33,838","37,707","49,055"
Fort Davis NHS,"51,435","49,290","50,968","43,280","35,130","38,136","43,277","49,842","55,955","61,823","60,910","49,532","51,995","35,920","48,163","45,401","40,189","47,720"
Aztec Ruins NM,"39,538","38,709","38,234","37,437","41,106","44,744","41,312","44,721","53,165","57,692","52,756","54,933","63,777","30,223","56,427","50,396","47,554","46,631"
Eleanor Roosevelt NHS,"59,846","53,632","54,393","53,067","50,074","55,049","43,686","60,456","64,791","63,480","67,621","54,649","47,630","9,575","12,414","19,076","17,190","46,272"
Big Hole NB,"55,415","54,818","49,822","44,771","36,290","35,207","38,092","36,987","39,549","41,795","36,717","56,943","45,861","36,234","31,734","54,781","55,206","44,131"
Hopewell Culture NHP,"30,321","28,130","34,179","33,918","33,834","39,462","32,206","36,432","43,587","58,058","62,413","57,335","60,338","35,710","47,847","51,850","62,113","43,984"
Rosie The Riveter WWII Home Front NHP,,,,,,,"31,514","45,549","56,362","64,425","60,927","57,852","50,404","9,528","19,038","37,359","39,883","42,986"
Tonto NM,"56,174","63,553","60,534","60,497","53,426","51,881","39,632","36,360","37,523","38,048","40,898","39,822","28,853","24,756","32,334","31,504","31,216","42,765"
Gila Cliff Dwellings NM,"41,690","38,987","43,016","32,652","25,317","28,637","27,825","31,135","36,518","41,519","78,872","79,108","66,614","31,645","45,428","43,608","33,973","42,738"
Marsh-Billings-Rockefeller NHP,"32,179","37,121","31,129","31,209","29,049","32,403","34,112","39,086","35,003","55,716","46,523","63,886","45,979","23,538","47,997","63,956","71,799","42,393"
Katmai NP & PRES,"82,634","7,970","43,035","55,172","48,939","39,818","28,966","30,896","37,818","37,818","37,818","37,818","84,167","51,511","24,764","33,908","33,763","42,166"
Frederick Douglass NHS,"37,468","37,852","43,483","44,699","46,694","53,314","47,625","45,492","53,873","67,387","76,569","70,869","61,063","10,969","1,807",211,"12,904","41,899"
Chaco Culture NHP,"68,211","37,180","37,376","34,226","39,175","39,044","29,917","38,386","38,914","54,084","55,334","57,781","47,342","8,231","31,922","41,594","40,198","41,113"
Katahdin Woods and Waters NM,,,,,,,,,,,,,,"41,432","39,485","43,231","38,455","40,651"
Pipe Spring NM,"46,574","47,418","49,433","59,952","57,360","54,692","51,118","56,484","54,619","46,710","29,065","25,179","27,482","10,623","24,026","23,001","24,016","40,456"
Pecos NHP,"34,307","32,701","34,522","33,864","43,873","45,568","32,386","38,256","30,229","39,715","40,650","39,129","43,834","36,695","58,944","49,683","50,709","40,298"
Charles Pinckney NHS,"41,393","44,072","43,447","44,081","45,254","44,314","47,309","53,486","46,995","53,184","53,744","34,354","35,495","23,723","24,854","12,585","32,109","40,023"
Tule Springs Fossil Beds NM,,,,,,,,,,,,,,,"11,953","47,674","60,134","39,920"
Thomas Edison NHP,"9,342","8,027","27,061","63,009","55,284","52,554","46,677","51,344","56,317","57,694","59,323","47,297","42,224","7,605","14,807","33,095","33,483","39,126"
John Muir NHS,"30,875","28,770","34,516","34,904","31,236","37,403","37,777","41,535","42,615","49,376","46,876","46,957","40,725","33,603","36,904","38,878","50,872","39,048"
Ulysses S. Grant NHS,"46,398","45,959","40,703","39,967","35,664","39,373","38,604","40,287","39,048","46,071","59,761","43,602","39,449","15,236","27,823","32,354","33,065","39,021"
Tumacacori NHP,"45,484","45,079","40,637","39,866","33,740","35,158","31,433","38,017","42,146","43,829","46,308","40,810","39,704","23,726","33,357","38,786","37,872","38,585"
Boston Harbor Islands NRA,,,,,,,,,,,,,,"71,991","20,777","29,241","27,986","37,499"
Lake Chelan NRA,"34,665","25,139","34,554","39,249","43,827","40,830","37,315","35,360","32,186","45,514","38,464","38,839","38,785","30,598","40,511","38,207","39,419","37,262"
George Washington Carver NM,"36,480","40,407","38,899","35,068","30,787","30,425","33,061","41,535","37,745","46,397","46,466","44,411","49,553","26,569","25,838","29,725","37,282","37,097"
Buck Island Reef NM,"46,303","46,025","47,341","27,403","28,223","30,436","28,972","34,400","41,936","38,929","33,082","31,411","37,085","16,032","45,664","45,365","46,207","36,754"
Bluestone NSR,"48,061","46,942","45,904","37,790","41,670","36,842","36,266","38,450","36,733","34,139","32,028","31,316","37,663","25,207","26,710","14,113","21,592","34,790"
Arkansas Post NMEM,"37,230","43,137","32,160","34,712","37,127","39,703","36,420","30,860","38,702","34,405","36,079","30,126","28,519","29,653","26,043","22,791","25,032","33,100"
Hamilton Grange NMEM,0,690,150,0,"7,817","16,358","20,429","20,943","35,446","85,348","85,603","66,216","71,247","23,015","29,096","45,198","48,674","32,719"
Salinas Pueblo Missions NM,"33,060","31,248","37,848","32,941","29,786","29,228","24,836","30,537","29,672","32,414","35,148","34,629","31,672","26,982","38,080","37,190","39,556","32,637"
Saint-Gaudens NHP,"29,091","29,819","34,558","30,941","32,695","33,663","37,837","37,785","39,242","42,377","37,556","35,218","31,759","13,286","26,058","25,513","30,537","32,231"
Women's Rights NHP,"18,657","23,093","20,620","22,662","25,426","29,585","30,137","30,254","38,139","52,683","61,806","42,784","39,064","8,237","22,847","34,294","35,934","31,542"
Friendship Hill NHS,"32,576","30,623","31,454","32,562","30,039","34,289","34,372","34,317","34,687","37,847","39,377","41,678","34,159","19,462","16,552","16,395","19,258","30,567"
Hovenweep NM,"26,263","25,411","27,855","27,386","25,858","26,710","24,959","26,808","35,117","42,862","39,970","40,574","35,399","19,856","26,710","28,446","35,231","30,319"
James A. Garfield NHS,"19,196","27,289","17,100","24,853","31,499","36,375","21,027","17,956","24,506","45,437","53,536","40,835","41,305","14,797","20,982","32,173","36,553","29,731"
Weir Farm NHP,"12,536","18,522","19,386","19,313","22,415","21,465","22,862","34,082","47,220","39,079","38,096","35,382","38,700","25,430","31,512","37,977","36,313","29,429"
Pullman NHP,,,,,,,,,,,,,,,,,"29,218","29,218"
Harry S Truman NHS,"31,092","30,848","28,384","27,670","28,924","31,316","28,977","29,364","32,825","34,616","45,435","32,878","30,746","9,446","12,148","21,471","26,327","28,380"
Hampton NHS,"30,062","35,260","39,334","32,153","32,165","37,529","32,262","32,498","34,685","34,942","32,327","29,615","28,234","8,728","8,942","12,506","14,612","27,991"
Fort Larned NHS,"30,471","21,483","27,443","29,423","26,704","33,194","27,432","24,607","32,170","31,060","29,188","29,173","26,958","21,895","29,442","26,219","26,113","27,822"
Tuskegee Airmen NHS,"14,685","50,331","58,417","60,827","16,244","23,716","19,301","24,319","22,662","31,133","39,322","26,829","30,097","6,843","8,057","16,137","22,082","27,706"
North Cascades NP,"19,534","18,725","26,972","24,659","19,208","26,935","21,623","23,865","20,677","28,646","30,326","30,085","38,208","30,885","17,855","30,154","40,351","26,395"
Fort Scott NHS,"22,314","25,322","28,544","27,635","26,219","25,034","25,773","25,966","25,531","29,291","28,948","26,482","24,068","14,652","22,894","26,854","25,493","25,354"
Camp Nelson NM,,,,,,,,,,,,,,,"43,095","16,217","16,397","25,236"
Tallgrass Prairie NPRES,"23,000","20,075","23,713","22,047","17,893","18,918","16,128","17,776","29,558","29,378","30,773","27,715","33,750","29,009","35,001","24,795","28,776","25,194"
Tuskegee Institute NHS,"75,450","52,027","31,360","23,230","23,288","24,030","47,766","11,786","7,961","8,452","20,407","37,486","36,395","4,737","5,629","9,769","8,229","25,177"
Cane River Creole NHP,"30,584","24,587","27,411","25,115","26,996","28,310","25,556","28,981","30,882","26,863","30,117","26,879","29,922","17,430","14,984","14,811","11,701","24,772"
Bent's Old Fort NHS,"23,952","25,001","28,131","29,120","26,842","25,815","23,324","24,555","26,219","31,948","26,397","23,562","21,674","12,438","21,585","26,057","19,718","24,490"
Medgar and Myrlie Evers Home NM,,,,,,,,,,,,,,,"1,034","11,231","59,542","23,936"
Hagerman Fossil Beds NM,"24,779","23,163","27,263","29,795","21,100","23,936","21,008","22,482","24,695","25,982","31,122","26,477","23,768","14,113","8,236","25,122","33,444","23,911"
William Howard Taft NHS,"17,365","16,968","18,802","21,163","21,141","19,416","21,102","23,609","24,385","30,723","37,425","30,202","32,396","11,100","17,042","27,740","30,757","23,608"
Booker T. Washington NM,"19,410","19,990","21,216","21,665","24,030","24,361","22,103","26,127","27,205","23,440","25,479","22,732","24,640","22,482","18,963","20,396","28,713","23,115"
Russell Cave NM,"49,164","36,375","24,087","23,374","20,717","20,954","20,456","18,530","19,430","24,649","24,377","21,620","16,642","8,462","22,393","16,988","8,678","22,170"
Grant-Kohrs Ranch NHS,"17,494","16,633","20,099","22,075","20,293","17,095","18,848","20,565","22,139","23,176","24,072","26,676","25,043","15,328","24,476","24,351","27,219","21,505"
Reconstruction Era NHP,,,,,,,,,,,,,,,,"18,262","23,792","21,027"
Isle Royale NP,"15,973","14,038","14,653","15,793","15,892","16,663","16,274","14,560","18,684","24,966","28,196","25,798","26,410","6,493","25,844","25,454","28,965","19,686"
Brown v. Board of Education NHP,"17,536","16,950","19,228","17,808","16,886","21,101","19,356","26,868","25,338","27,968","25,204","24,083","21,413","4,064","9,113","15,564","18,826","19,253"
Theodore Roosevelt Inaugural NHS,"14,147",834,"11,735","17,491","17,107","18,875","19,198","22,025","24,896","29,199","28,585","27,508","26,994","5,098","13,323","19,728","23,159","18,818"
Fossil Butte NM,"19,853","17,727","18,693","19,700","16,552","17,084","17,662","16,623","19,293","20,737","21,978","21,349","20,554","13,176","21,153","17,879","19,377","18,788"
Martin Van Buren NHS,"19,678","21,216","23,216","21,055","19,287","22,062","16,229","19,187","18,547","22,100","22,023","18,642","20,623","11,480","9,823","11,702","12,438","18,195"
National Park of American Samoa,"6,774","3,683","3,242","3,006","8,716","10,440","17,919","13,953","13,892","28,892","69,468","28,626","60,006","4,819","8,495","1,887","12,135","17,409"
Springfield Armory NHS,"13,548","17,358","17,779","16,876","16,161","16,978","17,782","20,595","21,825","22,434","25,109","20,104","20,979","1,032","13,557","14,486","15,711","17,195"
Keweenaw NHP,,,,,,,,,,"14,612","16,479","20,416","20,535","2,130","12,457","15,255","29,221","16,388"
John F. Kennedy NHS,"8,896","10,090","16,333","17,466","18,466","22,642","17,273","26,273","18,485","25,467","30,399","24,077","24,838",451,0,100,"8,182","15,849"
Saint Paul's Church NHS,"14,909","14,538","14,432","16,362","14,926","16,188","14,016","16,460","17,180","20,830","21,190","21,630","18,537","5,968","5,022","8,790","11,615","14,858"
Agate Fossil Beds NM,"12,997","12,425","12,694","12,509","11,617","11,824","10,504","12,440","13,264","15,555","32,038","16,238","16,657","8,722","18,264","16,357","15,562","14,686"
Knife River Indian Villages NHS,"22,558","24,798","29,390","21,721","16,025","16,010","14,476","10,750","11,377","13,328","11,644","11,682","10,354","5,263","11,223","9,217","8,134","14,585"
Theodore Roosevelt Birthplace NHS,"13,098","18,590","14,390","15,029","6,537","17,930","18,676","21,065","6,685","6,582","24,884","23,155","25,978","4,984","1,720","7,948","19,892","14,538"
Saugus Iron Works NHS,"4,377","12,433","10,529","10,775","11,121","11,611","8,154","11,181","9,327","11,159","12,256","10,660","8,150","16,928","20,487","27,478","41,314","13,996"
Lake Clark NP & PRES,"5,549","6,802","9,711","9,931","5,158","11,639","13,000","16,100","17,818","21,102","22,755","14,479","17,157","4,948","18,278","18,187","16,728","13,491"
Minidoka NHS,,,,,,,,,,,"11,622","11,567","13,647","6,747","15,040","13,717","18,358","12,957"
Edgar Allan Poe NHS,"14,258","12,961","17,463","16,584","14,711","19,104","5,884","13,701","13,862","14,827","14,878","16,314","15,527","2,418",0,"10,726","15,473","12,864"
Fort Union Trading Post NHS,"12,405","11,533","15,141","14,458","12,236","12,677","12,908","11,521","13,605","17,502","13,329","13,551","12,967","5,225","11,479","12,822","12,942","12,724"
Washita Battlefield NHS,"13,928","14,579","10,527","12,552","10,995","10,615","8,434","13,186","12,067","12,312","11,831","13,437","9,119","12,520","15,237","12,658","11,906","12,112"
Noatak NPRES,"1,384","2,147","2,474","3,257","11,722","31,000","16,907",0,0,"17,000","17,000","16,387","17,216","12,533","12,891","18,393","19,108","11,731"
Cesar E. Chavez NM,,,,,,,"8,157","8,854","10,648","17,216","15,472","12,769","16,490","5,668","9,164","11,585","12,007","11,639"
Saint Croix Island IHS,,,,,,,"10,709","11,588","12,557","13,857","11,872","12,001","11,613","6,914","10,299","12,139","12,432","11,453"
Harriet Tubman Underground Railroad NHP,,,,,,,,,,,,,,,,,"11,446","11,446"
Kobuk Valley NP,847,"1,565","1,879","3,164","11,485","29,550","16,875",0,0,"15,500","15,500","14,937","15,766","11,185","11,540","16,925","17,616","10,843"
Cape Krusenstern NM,745,"1,575","1,810","2,521","8,668","24,950","18,225",0,0,"15,000","15,000","15,087","16,226","11,369","12,162","17,403","17,820","10,504"
Fort Union NM,"10,534","9,171","11,070","10,638","9,575","9,215","8,965","10,934","11,726","11,953","11,676","10,860","11,063","5,334","12,618","7,557","9,570","10,145"
First Ladies NHS,"10,881","9,770","10,466","8,766","8,254","9,903","10,068","15,326","12,897","13,378","13,085","11,447","10,913","2,406","6,562","7,146","11,187","10,144"
Gates of the Arctic NP & PRES,"10,942","11,397","9,975","10,840","11,623","10,899","11,012","12,669","10,745","10,047","11,177","9,591","10,518","2,872","7,362","9,457","11,045","10,128"
Charles Young Buffalo Soldiers NM,,,,,,,,,"3,993","10,211","12,405","31,448","14,106","2,461","8,110","3,518","3,302","9,950"
Mill Springs Battlefield NM,,,,,,,,,,,,,,,,,"9,150","9,150"
Clara Barton NHS,"10,106","9,007","10,986","23,741","15,620","25,347","22,737","20,028","2,823",0,0,425,"4,100",450,0,673,"4,223","8,839"
President W.J. Clinton Birthplace Home NHS,,,,,"9,749","8,932","9,838","11,113","10,463","10,468","10,177","10,845","8,758","4,055","7,279","6,078","5,024","8,675"
Fort Bowie NHS,"10,027","10,095","9,641","9,491","8,429","7,966","8,082","6,964","7,760","8,013","8,491","8,401","7,577","6,456","9,280","7,913","8,333","8,407"
Mary McLeod Bethune Council House NHS,"17,324","17,635","21,811","19,520","18,142","6,646","5,686","9,295","8,249","7,149",277,109,"3,788",578,0,"1,995","3,537","8,338"
Maggie L. Walker NHS,"8,026","7,367","9,853","12,331","10,779","8,276","7,013","9,045","7,589","9,589","10,738","10,961","9,602","1,849","2,568","4,815","6,382","8,046"
Frederick Law Olmsted NHS,"2,010","2,969","5,007","3,285","4,022","8,668","6,570","8,667","9,473","8,935","11,388","9,854","7,791","2,570","4,300","14,148","11,904","7,151"
Eugene O'Neill NHS,"2,339","2,544","3,783","2,445","2,593","2,789","2,929","3,202","3,942","4,287","3,931","3,432","2,944","14,423","22,714","18,754","15,537","6,623"
Salt River Bay NHP & Ecological Pres,"1,455","2,184","2,540",204,"2,419","5,217","4,791","5,192","8,108","16,449","10,567","4,884","5,215","2,704","10,707","12,155","13,731","6,384"
Thomas Stone NHS,"4,886","5,720","6,268","6,004","6,351","6,426","6,013","5,843","5,772","10,652","10,250","8,254","8,020","2,351","3,967","4,821","5,757","6,315"
Alibates Flint Quarries NM,"4,028","2,297","2,918","4,350","3,214","3,383","1,555","4,513","9,492","8,153","6,613","7,415","8,847","4,269","9,526","7,520","6,006","5,535"
Sand Creek Massacre NHS,,,,"4,063","3,935","4,384","4,795","7,402","5,887","6,847","6,535","6,006","5,701","4,215","6,201","4,772","5,855","5,471"
Belmont-Paul Women's Equality NM,,,,,,,,,,"2,704","10,893","9,081","9,913","2,535",0,0,"2,034","4,645"
Nicodemus NHS,"2,507","2,434","2,978","3,448","2,681","3,505","3,241","3,374","3,306","3,552","2,916","2,738","3,540",262,"4,629","5,307","7,492","3,406"
Yukon-Charley Rivers NPRES,"11,567","4,942","6,432","6,211","1,718","1,393","3,914","2,329","1,133","1,146",952,"1,272","1,114",666,629,744,"1,011","2,775"
Tule Lake NM,,,,,,,,,,,,,,,,,"2,731","2,731"
Bering Land Bridge NPRES,796,"1,019","1,054","2,642","1,890","2,642","2,642","2,636","2,642","2,642","2,642","2,642","2,642","2,642","2,642","2,642","2,642","2,300"
Thaddeus Kosciuszko NMEM,"4,633","3,918","3,357","2,888","1,949","2,045","1,682","1,475","1,261","2,794","2,293","2,077","1,921",0,0,"1,680","2,218","2,129"
Carter G. Woodson Home NHS,,,,,,,,,,,"1,884","1,954","2,381",548,0,0,0,967
Port Chicago Naval Magazine NMEM,,,,984,545,533,596,786,963,"1,942","1,086",653,830,70,568,"1,129",764,818
Rio Grande W&SR,"1,660","1,606",947,"1,103",873,694,703,321,120,463,399,330,324,126,275,263,300,618
Alagnak Wild River,,,,,,,,,,,,,,,262,184,231,226
Aniakchak NM & PRES,26,10,14,62,57,19,134,134,153,100,100,100,100,36,145,179,199,92